id,first_name,last_name,email,gender,skills
1,Ludovico,Klosser,lklosser0@shop-pro.jp,Polygender,FSCM
2,Umberto,Leynton,uleynton1@wiley.com,Genderqueer,Teacher Training
3,Arney,Rawdall,arawdall2@issuu.com,Bigender,Aspen HYSYS
4,Hy,Rourke,hrourke3@freewebs.com,Polygender,OS/390
5,Timmi,Glennie,tglennie4@imdb.com,Male,Americans with Disabilities Act
6,Eddie,Abbitt,eabbitt5@tinypic.com,Bigender,SQL
7,Lorry,Ritelli,lritelli6@slate.com,Genderfluid,Unified Communications
8,Jodee,Robertson,jrobertson7@addtoany.com,Female,Photo Shoots
9,Brenna,Gillbard,bgillbard8@dailymotion.com,Genderfluid,Cashiering
10,Ralina,Gavrieli,rgavrieli9@dot.gov,Genderfluid,VSEO
11,Brandtr,Madigan,bmadigana@cnn.com,Genderqueer,WTT
12,Theodosia,Rue,trueb@mac.com,Genderfluid,History
13,Cahra,Voice,cvoicec@qq.com,Male,CQC
14,Dorthea,Gounet,dgounetd@soup.io,Genderfluid,PeopleSoft
15,Ashlee,McNickle,amcnicklee@forbes.com,Non-binary,MD-11
16,Robin,O'Riordan,roriordanf@live.com,Non-binary,ZFS
17,Jerrylee,Skala,jskalag@epa.gov,Male,Outdoor Recreation
18,Keven,Minguet,kmingueth@samsung.com,Genderfluid,eZ Publish
19,Joelly,Vobes,jvobesi@phpbb.com,Genderqueer,Trail Running
20,Fitz,Winser,fwinserj@ehow.com,Genderqueer,Local Government
21,Bambie,Brannan,bbrannank@goo.gl,Genderqueer,Osteoporosis
22,Amabel,Tomley,atomleyl@bigcartel.com,Genderfluid,Team Leadership
23,Asher,Ebenezer,aebenezerm@eepurl.com,Female,InfoComm CTS
24,Langston,Jewell,ljewelln@arizona.edu,Genderfluid,LSP
25,Tamra,Childs,tchildso@hatena.ne.jp,Agender,Amazon EC2
26,Brendan,Duesbury,bduesburyp@youtube.com,Male,DITA XML
27,Candace,Claypool,cclaypoolq@angelfire.com,Non-binary,Help Desk Support
28,Iver,Helleckas,ihelleckasr@people.com.cn,Agender,Stand-up Comedy
29,Inglebert,Driutti,idriuttis@opensource.org,Bigender,HTRI Software
30,Sinclair,Grute,sgrutet@nydailynews.com,Genderqueer,Pre-opening
31,Evangelin,Jurczik,ejurcziku@chicagotribune.com,Female,Listings
32,Sibyl,Macrae,smacraev@pcworld.com,Bigender,Audio Editing
33,Aristotle,Krammer,akrammerw@mac.com,Genderqueer,FCL
34,Melody,Comellini,mcomellinix@hostgator.com,Male,Music Festivals
35,Dino,Giaomozzo,dgiaomozzoy@dedecms.com,Non-binary,Executive Protection
36,Shela,Fynes,sfynesz@amazonaws.com,Genderfluid,Energy Efficiency
37,Vivi,Bloore,vbloore10@newsvine.com,Genderqueer,ABAP
38,Claudian,Filliskirk,cfilliskirk11@yandex.ru,Non-binary,Satellite TV
39,Brit,Yeend,byeend12@sun.com,Male,Overcoming Challenges
40,Noe,Sergean,nsergean13@ft.com,Male,Oscilloscope
41,Stacee,Connew,sconnew14@unicef.org,Bigender,Jingles
42,Dredi,Toppin,dtoppin15@tmall.com,Genderfluid,Virtual PC
43,Bradly,Battie,bbattie16@marriott.com,Agender,CADS RC
44,Mariejeanne,Noe,mnoe17@digg.com,Agender,Offshore Oil
45,Missie,Cronkshaw,mcronkshaw18@last.fm,Non-binary,Duty Drawback
46,Royall,Gallemore,rgallemore19@wikipedia.org,Polygender,XDoclet
47,Sherye,Dorn,sdorn1a@cdc.gov,Genderfluid,Radio Advertising
48,Kellsie,Rame,krame1b@smh.com.au,Bigender,Vulnerability Research
49,Benni,Ege,bege1c@mayoclinic.com,Agender,Ethnography
50,Xaviera,Kik,xkik1d@answers.com,Genderfluid,FSCM
51,Sybilla,Lendon,slendon1e@ftc.gov,Genderqueer,Road Traffic
52,Otis,Chivrall,ochivrall1f@amazon.co.uk,Genderqueer,Candidate Generation
53,Missie,Saville,msaville1g@netvibes.com,Polygender,DVB-C
54,Moshe,Morant,mmorant1h@hugedomains.com,Male,Database Administration
55,Leshia,Giraudo,lgiraudo1i@upenn.edu,Polygender,NICE Call Recording
56,Honoria,Doughty,hdoughty1j@adobe.com,Non-binary,UAG
57,Edwina,Gurry,egurry1k@amazon.co.jp,Genderqueer,HP Quality Center
58,Evangeline,Inett,einett1l@bigcartel.com,Non-binary,Certified EKG Technician
59,Riccardo,McDonnell,rmcdonnell1m@ycombinator.com,Non-binary,SLES
60,Auguste,Pady,apady1n@state.tx.us,Genderqueer,Qt
61,Anatola,Hayter,ahayter1o@pen.io,Female,Dump Truck
62,Mel,Velte,mvelte1p@cam.ac.uk,Non-binary,Two-way Radio
63,Irvin,Jeffery,ijeffery1q@globo.com,Male,WCSF
64,Whit,Grimmer,wgrimmer1r@unc.edu,Genderfluid,Cfengine
65,Deidre,Marchington,dmarchington1s@globo.com,Bigender,CPIM
66,Renate,Marsie,rmarsie1t@multiply.com,Bigender,CSI
67,Barb,Tabbernor,btabbernor1u@nps.gov,Bigender,Health Economics
68,Ninon,Heugh,nheugh1v@vkontakte.ru,Genderqueer,Green Building
69,Toinette,Normanville,tnormanville1w@dyndns.org,Genderqueer,Legal Writing
70,Ibby,Kearford,ikearford1x@dropbox.com,Male,Environmental Impact Assessment
71,Gerard,Arguile,garguile1y@livejournal.com,Genderqueer,HVDC
72,Megen,Duding,mduding1z@tiny.cc,Genderqueer,Eyeliner
73,Cris,Wilshire,cwilshire20@dell.com,Male,HP QTP
74,Vanya,Canet,vcanet21@cafepress.com,Genderfluid,Myofascial Release Therapy
75,Della,Nann,dnann22@narod.ru,Bigender,Nickel
76,Stu,McDool,smcdool23@feedburner.com,Male,BSCI
77,Ardelia,Shovelin,ashovelin24@123-reg.co.uk,Bigender,PXI
78,Betty,Lowton,blowton25@seesaa.net,Non-binary,Juvenile Law
79,Noby,Brunel,nbrunel26@stanford.edu,Agender,Factory
80,Charil,Daniaud,cdaniaud27@privacy.gov.au,Agender,WFS
81,Licha,Padly,lpadly28@hatena.ne.jp,Agender,SSIS
82,Nicole,Ganford,nganford29@ca.gov,Female,Russian
83,Nanice,Yarham,nyarham2a@dedecms.com,Non-binary,News Writing
84,Shawna,Standidge,sstandidge2b@hubpages.com,Genderfluid,Animal Behavior
85,Terry,St Pierre,tstpierre2c@marketwatch.com,Non-binary,SDLC
86,Brigg,Storrier,bstorrier2d@booking.com,Polygender,Sales Management
87,Jeffrey,Limprecht,jlimprecht2e@scribd.com,Agender,Crystal Xcelsius
88,Marrilee,Fradgley,mfradgley2f@posterous.com,Agender,VMware ESX
89,Uta,Edmott,uedmott2g@angelfire.com,Male,Retail
90,Tiffany,Zahor,tzahor2h@auda.org.au,Agender,Commercial Real Estate
91,Matty,Ganiford,mganiford2i@livejournal.com,Genderqueer,Uzbek
92,Corney,Gligoraci,cgligoraci2j@shutterfly.com,Female,NMT
93,Benedict,Dohms,bdohms2k@boston.com,Agender,Sports Play-by-play
94,Beckie,Nunnery,bnunnery2l@fotki.com,Genderqueer,Acute Care
95,Gracie,Darling,gdarling2m@goodreads.com,Non-binary,Fluorescence Microscopy
96,Jehanna,Bullingham,jbullingham2n@toplist.cz,Non-binary,JRun
97,Jania,Leggin,jleggin2o@dyndns.org,Non-binary,Nintex
98,Anselma,Carnduff,acarnduff2p@bluehost.com,Polygender,GPP
99,Joshuah,Hardingham,jhardingham2q@tripod.com,Agender,Health Psychology
100,Ulrica,Mapledoram,umapledoram2r@google.com.br,Male,Test Planning
101,Heddie,Laurencot,hlaurencot2s@china.com.cn,Male,Focus Groups
102,Leola,Aubert,laubert2t@about.com,Agender,Pitching Ideas
103,Teodorico,Kinlock,tkinlock2u@cyberchimps.com,Genderfluid,RTC
104,Tandie,Shakshaft,tshakshaft2v@google.com.hk,Female,Product Life Cycle
105,Gweneth,McRonald,gmcronald2w@booking.com,Female,RFQ Development
106,Bessie,Frushard,bfrushard2x@gnu.org,Genderfluid,Volunteer Recruiting
107,Jasmina,Creswell,jcreswell2y@ft.com,Genderqueer,DGA
108,Nelia,Batham,nbatham2z@imgur.com,Agender,Perl
109,Sydelle,Orriss,sorriss30@marriott.com,Genderfluid,IBM Servers
110,Ileana,Boyton,iboyton31@twitter.com,Female,Adult CPR
111,Aldin,Canet,acanet32@timesonline.co.uk,Non-binary,Algorithm Design
112,Milly,Reast,mreast33@boston.com,Genderfluid,Slovak
113,Calypso,Abbotson,cabbotson34@hao123.com,Genderfluid,Agile &amp; Waterfall Methodologies
114,Ibbie,Edwards,iedwards35@ebay.co.uk,Non-binary,Kronos Timekeeping
115,Pierson,Glawsop,pglawsop36@domainmarket.com,Agender,CDMA 1X
116,Rooney,Baff,rbaff37@macromedia.com,Bigender,MRP
117,Ash,Franciottoi,afranciottoi38@google.de,Genderfluid,ITIL
118,Sheri,Gaudin,sgaudin39@ehow.com,Polygender,LR
119,Margo,Locksley,mlocksley3a@biglobe.ne.jp,Female,MSN AdCenter
120,Andromache,Skewes,askewes3b@ustream.tv,Genderfluid,Family Law
121,Isaiah,Joontjes,ijoontjes3c@narod.ru,Agender,SNF
122,Krishna,Piche,kpiche3d@ifeng.com,Bigender,FTPS
123,Hope,Clegg,hclegg3e@unc.edu,Polygender,OH&amp;S
124,Sheilakathryn,Hadgraft,shadgraft3f@stumbleupon.com,Polygender,PgSQL
125,Carlen,Sleet,csleet3g@wp.com,Genderqueer,Analog Circuit Design
126,Catharine,Winnister,cwinnister3h@sina.com.cn,Non-binary,DWH
127,Delila,Hagley,dhagley3i@behance.net,Non-binary,Oracle E-Business Suite
128,Angie,Harrington,aharrington3j@eepurl.com,Genderqueer,UC4
129,Dieter,Scoggan,dscoggan3k@tripadvisor.com,Non-binary,CSRs
130,Nari,Ben,nben3l@java.com,Non-binary,MPR
131,Ive,Ghelarducci,ighelarducci3m@opensource.org,Female,Global Health
132,Christabella,Mathie,cmathie3n@soundcloud.com,Polygender,High Net Worth Individuals
133,Avrit,Fortun,afortun3o@japanpost.jp,Male,JFace
134,Grange,Cicetti,gcicetti3p@baidu.com,Polygender,JD Edwards
135,Suzanna,Symon,ssymon3q@slashdot.org,Polygender,Enterprise Architecture
136,Gussy,Fretson,gfretson3r@about.me,Non-binary,SVOD
137,Raphaela,Hupe,rhupe3s@amazon.de,Polygender,DOS
138,Benjy,Hadlee,bhadlee3t@hp.com,Polygender,PIX
139,Andris,Fairbank,afairbank3u@chronoengine.com,Agender,Yellow Pages
140,Latisha,Jerrard,ljerrard3v@amazon.co.uk,Bigender,QPS
141,Rivalee,Covington,rcovington3w@google.com.hk,Polygender,Unreal Editor
142,Dean,Sears,dsears3x@pinterest.com,Non-binary,Oz Principle
143,Doralyn,Kershow,dkershow3y@artisteer.com,Bigender,Xbox 360
144,Mavis,Schapero,mschapero3z@biglobe.ne.jp,Bigender,Passionate about work
145,Ethe,Doornbos,edoornbos40@addthis.com,Genderqueer,UV
146,Yelena,Fominov,yfominov41@lulu.com,Polygender,Vlookup
147,Kristin,Lipp,klipp42@canalblog.com,Genderqueer,GDI+
148,Cecil,Adamiec,cadamiec43@rediff.com,Non-binary,RQM
149,Cheston,Gregori,cgregori44@cloudflare.com,Bigender,Claims Management
150,Dorena,Ilymanov,dilymanov45@guardian.co.uk,Polygender,LNA
151,Zebulon,Marthen,zmarthen46@sogou.com,Male,HDI
152,Feliza,Churchard,fchurchard47@addtoany.com,Bigender,Visual Merchandising
153,Sandie,Parram,sparram48@typepad.com,Male,Revenue Cycle
154,Hayyim,Moreby,hmoreby49@cbslocal.com,Genderfluid,Kenan FX
155,Bernadine,Grinvalds,bgrinvalds4a@netscape.com,Bigender,Skin
156,Farrand,Critchell,fcritchell4b@netscape.com,Bigender,Credit
157,Marylou,Bannester,mbannester4c@aol.com,Female,Manufacturing
158,Leighton,Waterhouse,lwaterhouse4d@ucoz.com,Bigender,Nastran
159,Eddy,Zoppo,ezoppo4e@senate.gov,Bigender,CFIA
160,Noach,Grinov,ngrinov4f@youtube.com,Genderqueer,Key Opinion Leaders
161,Torry,Goalby,tgoalby4g@nydailynews.com,Genderfluid,Hair Care
162,Gino,Antwis,gantwis4h@hhs.gov,Bigender,Business Rules
163,Sammy,Dyball,sdyball4i@ibm.com,Agender,UHV
164,Codie,Taber,ctaber4j@forbes.com,Polygender,Physical Security
165,Flory,Fauguel,ffauguel4k@usda.gov,Male,TLC
166,Murielle,Tweedie,mtweedie4l@zimbio.com,Male,Storytelling
167,Elyn,Pulver,epulver4m@ycombinator.com,Genderfluid,Liability
168,Anastasia,Franceschino,afranceschino4n@washington.edu,Bigender,Testing Types
169,Dal,Woolaghan,dwoolaghan4o@mit.edu,Male,RF Design
170,Bessy,Benam,bbenam4p@hp.com,Agender,Navigation
171,Lewes,Filippozzi,lfilippozzi4q@desdev.cn,Genderqueer,CPA
172,Sonni,Stygall,sstygall4r@edublogs.org,Genderfluid,OASIS
173,Bentlee,Sonner,bsonner4s@independent.co.uk,Polygender,NTP
174,Cristen,Garden,cgarden4t@tinyurl.com,Genderfluid,Church Events
175,Jarret,Saleway,jsaleway4u@ft.com,Genderqueer,Web TV
176,Milka,Diggins,mdiggins4v@com.com,Agender,FDM
177,Alyda,Bawcock,abawcock4w@paginegialle.it,Agender,Automotive Aftermarket
178,Jemmy,Henighan,jhenighan4x@bigcartel.com,Agender,Artistic Eye
179,Romy,Jerdein,rjerdein4y@cbsnews.com,Non-binary,Special Events Coordination
180,Benyamin,Ditter,bditter4z@nps.gov,Bigender,Problem Solving
181,Eran,Guise,eguise50@discovery.com,Male,CSLA
182,Caleb,Eastmead,ceastmead51@comsenz.com,Agender,HP EVA
183,Sarah,Roche,sroche52@nature.com,Agender,WCS
184,Dur,Matus,dmatus53@ftc.gov,Genderfluid,Bodywork
185,Birch,Windus,bwindus54@t-online.de,Genderfluid,HCAHPS
186,Obediah,Domleo,odomleo55@feedburner.com,Genderfluid,IP Cameras
187,Kalvin,Ridsdell,kridsdell56@trellian.com,Bigender,KPO
188,Maryellen,Cancellieri,mcancellieri57@oakley.com,Bigender,Xerces
189,Orbadiah,Leon,oleon58@sakura.ne.jp,Genderqueer,IT Outsourcing
190,Liv,Buddles,lbuddles59@samsung.com,Male,AHP
191,Gabriella,Monsey,gmonsey5a@paginegialle.it,Bigender,SDL Trados
192,Malvina,Donavan,mdonavan5b@wsj.com,Female,HR Policies
193,Danila,Llewelyn,dllewelyn5c@bloglovin.com,Non-binary,PMR
194,Erhart,Saffill,esaffill5d@cbsnews.com,Genderfluid,Windows Server
195,Atlanta,Drable,adrable5e@friendfeed.com,Genderqueer,Skin Care
196,Kalindi,Deller,kdeller5f@flavors.me,Polygender,MPLS VPN
197,Nolan,Cussins,ncussins5g@zimbio.com,Female,NIR Spectroscopy
198,Godwin,Pengilly,gpengilly5h@webs.com,Bigender,IOT
199,Mick,Dripps,mdripps5i@pcworld.com,Genderqueer,JSON-RPC
200,Esmeralda,Pigne,epigne5j@php.net,Polygender,Electrical Engineering
201,Leann,Gittoes,lgittoes5k@discovery.com,Non-binary,Kaizen Leadership
202,Agna,Gaunter,agaunter5l@state.gov,Agender,Live Events
203,Batholomew,Duffree,bduffree5m@angelfire.com,Female,CVM
204,Matelda,Williams,mwilliams5n@mozilla.org,Non-binary,Guest Service Management
205,Micky,Brickham,mbrickham5o@netlog.com,Genderfluid,Process Efficiency
206,Beverly,Annion,bannion5p@over-blog.com,Male,Manufacturing Operations Management
207,Laurent,Spatoni,lspatoni5q@shop-pro.jp,Polygender,Class III Medical Devices
208,Dicky,O'Henehan,dohenehan5r@gov.uk,Polygender,Medical Writing
209,Julio,Chaunce,jchaunce5s@nbcnews.com,Agender,Waterfall
210,Bernardine,Simcox,bsimcox5t@123-reg.co.uk,Agender,Kenan FX
211,Nissa,Bellefonte,nbellefonte5u@webs.com,Non-binary,JDE CNC
212,Devland,Wewell,dwewell5v@fotki.com,Genderqueer,Annual Giving
213,Noll,Bathersby,nbathersby5w@tripadvisor.com,Genderqueer,FGD
214,Gilly,Copping,gcopping5x@smugmug.com,Genderqueer,WS-Federation
215,Orel,Whillock,owhillock5y@phpbb.com,Agender,GIS
216,Valentia,Hammell,vhammell5z@columbia.edu,Genderfluid,Multiplex PCR
217,Amalee,Entres,aentres60@icio.us,Male,Airframe
218,Brod,Dessant,bdessant61@unc.edu,Polygender,CFX
219,Napoleon,McNysche,nmcnysche62@slideshare.net,Agender,Vaccines
220,Imogen,Garahan,igarahan63@friendfeed.com,Agender,PBX
221,Halley,Pavia,hpavia64@fotki.com,Female,LPIC
222,Camilla,Pratten,cpratten65@virginia.edu,Polygender,Oracle E-Business Suite
223,Nona,Pattullo,npattullo66@amazon.co.uk,Agender,NMock
224,Thorvald,Anthill,tanthill67@tripod.com,Agender,Amadeus GDS
225,Drew,Elliott,delliott68@google.ru,Female,XOG
226,Anni,Bellefonte,abellefonte69@sogou.com,Agender,XAUI
227,Joya,Blitzer,jblitzer6a@addthis.com,Genderfluid,QKA
228,Louise,Capes,lcapes6b@bloomberg.com,Non-binary,IPS
229,Sher,Snedden,ssnedden6c@about.com,Non-binary,Awk
230,Nathanial,Millichip,nmillichip6d@163.com,Bigender,Cybercrime
231,Merwyn,Redhole,mredhole6e@yelp.com,Non-binary,CDL
232,Bartram,Arnfield,barnfield6f@blogtalkradio.com,Polygender,Green Belt
233,Aundrea,Batistelli,abatistelli6g@sourceforge.net,Genderqueer,Unreal Editor
234,Reuben,O'Boyle,roboyle6h@toplist.cz,Agender,VSP 4
235,Lucio,Coatham,lcoatham6i@github.com,Non-binary,EASA
236,Simone,Kann,skann6j@columbia.edu,Female,Job Costing
237,Seth,Ambrozik,sambrozik6k@blogspot.com,Genderfluid,Hardware
238,Vilhelmina,Rowena,vrowena6l@histats.com,Genderfluid,Warehousing
239,Isabelle,Culp,iculp6m@seattletimes.com,Bigender,Interviewing Skills
240,Betsey,Sauniere,bsauniere6n@vk.com,Male,Knee Pain
241,Seamus,Fatharly,sfatharly6o@soup.io,Bigender,CADS RC
242,Sibylle,Loggie,sloggie6p@earthlink.net,Female,HTTPS
243,Rayshell,Chappelow,rchappelow6q@toplist.cz,Bigender,Ultra Low Latency
244,Zechariah,Meekins,zmeekins6r@prlog.org,Agender,WSE
245,Isabella,Beagin,ibeagin6s@utexas.edu,Agender,SDA
246,Hildegarde,Maylam,hmaylam6t@dropbox.com,Non-binary,CSCS
247,Isobel,Hannah,ihannah6u@hugedomains.com,Genderfluid,IVF
248,Lotte,Canland,lcanland6v@omniture.com,Agender,DSLR
249,Annie,Filipyev,afilipyev6w@instagram.com,Genderfluid,SI
250,Kaila,Mapston,kmapston6x@un.org,Non-binary,QS1
251,Aurie,Castelin,acastelin6y@state.tx.us,Non-binary,WS
252,Clareta,Turner,cturner6z@omniture.com,Genderfluid,NPI Management
253,Debera,Jiroutka,djiroutka70@time.com,Genderfluid,Lyra
254,Camilla,Zorzutti,czorzutti71@msn.com,Male,JVs
255,Claudina,Iskow,ciskow72@e-recht24.de,Male,DVD Studio Pro
256,Kyle,Jeays,kjeays73@so-net.ne.jp,Male,SharePoint
257,Meredith,Grocock,mgrocock74@exblog.jp,Bigender,Kodaly
258,Gideon,Conti,gconti75@cyberchimps.com,Non-binary,BBQ
259,Fran,Hannaford,fhannaford76@cnbc.com,Polygender,Youth Entrepreneurship
260,Nanni,Wraighte,nwraighte77@weather.com,Agender,Corporate Gifts
261,Lanette,Dosedale,ldosedale78@bbb.org,Bigender,Pay TV
262,Kingston,Gover,kgover79@jimdo.com,Male,Statistical Data Analysis
263,Kit,Upham,kupham7a@51.la,Female,HDF5
264,Graham,Newport,gnewport7b@answers.com,Bigender,NSA
265,Petrina,Slatten,pslatten7c@hibu.com,Polygender,dsPIC
266,Katerine,Hearley,khearley7d@t.co,Genderqueer,HLR
267,Otes,Whitwam,owhitwam7e@youku.com,Genderfluid,TV News Production
268,Noach,Chaffer,nchaffer7f@washington.edu,Genderqueer,MVNE
269,Eunice,Attenbrough,eattenbrough7g@census.gov,Agender,Patents
270,Jenda,Wedge,jwedge7h@prweb.com,Bigender,Hardware Architecture
271,Alanson,Spellacy,aspellacy7i@is.gd,Male,Recombinant DNA
272,Stuart,Hanny,shanny7j@independent.co.uk,Polygender,SSL Duality
273,Inna,Kenway,ikenway7k@bloomberg.com,Agender,NHibernate
274,Lishe,Goede,lgoede7l@foxnews.com,Female,Family Law
275,Maribeth,Barke,mbarke7m@newsvine.com,Agender,Jenark
276,Lenette,Shew,lshew7n@angelfire.com,Polygender,nMarket
277,Berna,Refford,brefford7o@sciencedirect.com,Polygender,MSS
278,Horten,Gwyer,hgwyer7p@jigsy.com,Agender,Natural Resources
279,Tedi,Da Costa,tdacosta7q@upenn.edu,Male,Forecasting
280,Kaile,Signe,ksigne7r@google.ru,Genderfluid,ERP Software
281,Saw,Oxbury,soxbury7s@salon.com,Polygender,JGrasp
282,Audre,Allsop,aallsop7t@japanpost.jp,Female,Due Diligence
283,Valaria,Paulo,vpaulo7u@hatena.ne.jp,Polygender,QROPS
284,Brigit,Mitskevich,bmitskevich7v@unicef.org,Agender,Automation
285,Tamarra,Jessett,tjessett7w@photobucket.com,Agender,CAESAR II
286,Cecelia,Kobke,ckobke7x@wunderground.com,Genderqueer,SAP SD Module
287,Adrien,Cromarty,acromarty7y@bandcamp.com,Agender,Aerospace Medicine
288,Rurik,Harrisson,rharrisson7z@weather.com,Male,CFRA
289,Mei,Lashbrook,mlashbrook80@blog.com,Agender,Entrepreneurship
290,Demott,Deluca,ddeluca81@buzzfeed.com,Non-binary,Mycology
291,Gordie,Durrett,gdurrett82@furl.net,Genderfluid,KT
292,Gordy,Skipping,gskipping83@goo.gl,Agender,Music Education
293,Dasie,Poxon,dpoxon84@networksolutions.com,Polygender,Cybercrime
294,Penn,Foli,pfoli85@ning.com,Genderfluid,Software Project Management
295,Filmore,Beverstock,fbeverstock86@mtv.com,Polygender,Financial Accounting
296,Delcine,Martugin,dmartugin87@amazon.co.uk,Agender,SBT
297,Derrick,Heaps,dheaps88@npr.org,Bigender,IntelliJ IDEA
298,Ranice,Bowles,rbowles89@hubpages.com,Agender,Vocal Coaching
299,Whitney,Firpo,wfirpo8a@google.es,Polygender,Qt Creator
300,Wade,Alesio,walesio8b@nymag.com,Male,Homeland Security
301,Roda,Antic,rantic8c@tamu.edu,Polygender,UCINET
302,Myrta,Martell,mmartell8d@dropbox.com,Male,Sleepwear
303,Stormi,Whitwham,swhitwham8e@disqus.com,Polygender,Ignatian Spirituality
304,Fidelity,Sterrick,fsterrick8f@nymag.com,Genderqueer,Fixed Assets
305,Johannah,Grigolon,jgrigolon8g@exblog.jp,Agender,Middle Office
306,Devland,Braferton,dbraferton8h@slashdot.org,Non-binary,IV
307,Iggy,Sutliff,isutliff8i@imageshack.us,Agender,Feasibility Studies
308,Marika,Ehrat,mehrat8j@tiny.cc,Genderfluid,Evangelism
309,Maridel,Turnor,mturnor8k@csmonitor.com,Female,Sports Nutrition
310,Dore,Boustred,dboustred8l@wikia.com,Male,Multi-Unit
311,Selene,Muat,smuat8m@nature.com,Agender,PLC Allen Bradley
312,Cecily,Sherrell,csherrell8n@cmu.edu,Genderqueer,Teaching Writing
313,Jacquenette,Reinhard,jreinhard8o@globo.com,Genderqueer,Yardi Voyager
314,Fairlie,Fitchew,ffitchew8p@yahoo.co.jp,Polygender,PCR Primer Design
315,Heidi,McLemon,hmclemon8q@cdbaby.com,Polygender,SOA
316,Wini,Fallawe,wfallawe8r@foxnews.com,Genderqueer,Algorithms
317,Livy,Izzard,lizzard8s@un.org,Non-binary,Gynecology
318,Perren,Flury,pflury8t@google.com.au,Genderfluid,KDB+
319,April,Lages,alages8u@acquirethisname.com,Male,Political Risk Analysis
320,Berkley,Scamerdine,bscamerdine8v@disqus.com,Polygender,Duty Drawback
321,Gunner,Sissot,gsissot8w@liveinternet.ru,Genderfluid,Duty Drawback
322,Nissy,Roiz,nroiz8x@ask.com,Non-binary,XaaS
323,Culley,Faint,cfaint8y@nifty.com,Genderqueer,JBPM
324,Reeba,Legion,rlegion8z@list-manage.com,Non-binary,Top Secret
325,Fidel,Tilsley,ftilsley90@aboutads.info,Non-binary,Following Up
326,Pall,Siggers,psiggers91@dropbox.com,Bigender,Exercise Physiology
327,Denys,Custy,dcusty92@plala.or.jp,Genderqueer,Scripting
328,Marge,Keddle,mkeddle93@weibo.com,Non-binary,UltraEdit
329,Dale,Kondratowicz,dkondratowicz94@clickbank.net,Agender,CNA
330,Willow,Gives,wgives95@scribd.com,Genderfluid,EBP
331,Laney,Bamborough,lbamborough96@va.gov,Male,Dry Eye
332,Andie,Pritchett,apritchett97@google.de,Agender,Pulse Oximetry
333,Annnora,De Leek,adeleek98@webs.com,Male,TFTP
334,Neville,Bracey,nbracey99@google.de,Non-binary,Go
335,Reba,McCaw,rmccaw9a@chicagotribune.com,Genderfluid,Wicklander-Zulawski Interview &amp; Interrogation
336,Dirk,Seer,dseer9b@twitter.com,Genderfluid,Olympic Lifting
337,Nathanael,O'Lunny,nolunny9c@skyrock.com,Male,Ultrasound Therapy
338,Allissa,Abrey,aabrey9d@chicagotribune.com,Non-binary,XPlanner
339,Niel,Duckitt,nduckitt9e@washington.edu,Genderfluid,Legal Liability
340,Prisca,Stuehmeyer,pstuehmeyer9f@hostgator.com,Agender,Rational XDE
341,Tab,Demko,tdemko9g@ezinearticles.com,Male,Oracle RAC
342,Vergil,Adolfson,vadolfson9h@tmall.com,Female,LVS
343,Berget,Uppett,buppett9i@msu.edu,Female,OSGi
344,Elianora,Basile,ebasile9j@techcrunch.com,Male,GSA Schedules
345,Chrisy,Widdows,cwiddows9k@businesswire.com,Polygender,Rural Development
346,Rhetta,Oakenford,roakenford9l@plala.or.jp,Genderfluid,RSA enVision
347,Dynah,Marquot,dmarquot9m@ow.ly,Non-binary,Xcode
348,Calla,Wotton,cwotton9n@lulu.com,Female,Youth Development
349,Darice,Pallasch,dpallasch9o@ustream.tv,Male,DHTMLX
350,Rice,Dunsleve,rdunsleve9p@ft.com,Female,Short Stories
351,Erinna,Draco,edraco9q@dailymail.co.uk,Genderfluid,Snow Leopard
352,Godiva,Sanchez,gsanchez9r@youtube.com,Polygender,HSPD-12
353,Yale,Pleuman,ypleuman9s@cnet.com,Non-binary,KOL Management
354,Boonie,Wimpress,bwimpress9t@pinterest.com,Polygender,LabVIEW
355,Peyter,Litster,plitster9u@photobucket.com,Bigender,Military Aviation
356,Modestine,Gledhill,mgledhill9v@globo.com,Agender,New Hire Training
357,Howie,Tokell,htokell9w@howstuffworks.com,Female,Performance Improvement
358,Butch,Conyard,bconyard9x@amazon.co.jp,Genderqueer,Program Evaluation
359,Essy,Rysom,erysom9y@cornell.edu,Agender,DVP&amp;R
360,Joyan,Finlay,jfinlay9z@examiner.com,Female,Portuguese
361,Fraser,Wrightson,fwrightsona0@ycombinator.com,Genderfluid,HP Data Protector
362,Gladi,Droogan,gdroogana1@ucla.edu,Genderfluid,FDD
363,Pen,Grahlmans,pgrahlmansa2@sfgate.com,Polygender,Urology
364,Neilla,Mattea,nmatteaa3@sourceforge.net,Genderfluid,Competitive Analysis
365,Wyn,Bunning,wbunninga4@ucoz.ru,Agender,Knowledge Transfer
366,Mikael,Moynihan,mmoynihana5@ed.gov,Bigender,UltraEdit
367,Giralda,Pigford,gpigforda6@slate.com,Genderqueer,Oligonucleotides
368,Sargent,Greatbatch,sgreatbatcha7@tmall.com,Genderfluid,DGFT
369,Kati,Fitt,kfitta8@odnoklassniki.ru,Genderfluid,CFML
370,Roxanna,Jumeau,rjumeaua9@shutterfly.com,Bigender,European Markets
371,Johnathan,Cords,jcordsaa@bloglovin.com,Female,Slate
372,Clementia,Paviour,cpaviourab@mlb.com,Agender,Construction Loans
373,Benedetta,Albury,balburyac@rakuten.co.jp,Non-binary,Business Intelligence Tools
374,Tiffie,Melwall,tmelwallad@icq.com,Non-binary,FCC License
375,Frederic,Fendt,ffendtae@washingtonpost.com,Genderqueer,MDB
376,Olly,Rambaut,orambautaf@tamu.edu,Non-binary,Adolescents
377,Elizabeth,Krelle,ekrelleag@house.gov,Female,FDA GMP
378,Justine,Maylam,jmaylamah@sitemeter.com,Agender,RAN
379,Jamie,De Gregorio,jdegregorioai@sogou.com,Genderfluid,Easytrieve
380,Angie,Shawley,ashawleyaj@auda.org.au,Bigender,XLMiner
381,Carole,Ornells,cornellsak@google.fr,Non-binary,Oil Changes
382,Yoshi,Gaudon,ygaudonal@squarespace.com,Genderqueer,BDMS
383,Alissa,Dunmore,adunmoream@elpais.com,Female,Guided Tours
384,Issiah,Pencot,ipencotan@businessweek.com,Female,Electricity
385,Deva,Kamall,dkamallao@cnet.com,Genderfluid,Qbasic
386,Olimpia,Capini,ocapiniap@seattletimes.com,Genderfluid,Drupal
387,Reggie,Abraham,rabrahamaq@joomla.org,Non-binary,Rock Mechanics
388,Aguste,Stockall,astockallar@ifeng.com,Agender,Xeriscaping
389,Ab,Perrottet,aperrottetas@storify.com,Polygender,Integration
390,Debby,Mattusov,dmattusovat@yolasite.com,Genderqueer,SRTP
391,Ilise,Moxom,imoxomau@noaa.gov,Polygender,EFQM Excellence Model
392,Greer,Cornelius,gcorneliusav@1688.com,Genderfluid,XMLBeans
393,Allayne,Crispin,acrispinaw@time.com,Genderfluid,X-ray
394,Kim,Veschi,kveschiax@tuttocitta.it,Male,Equestrian
395,Hunter,Quadling,hquadlingay@mayoclinic.com,Genderfluid,NICET
396,L;urette,Wilcock,lwilcockaz@hugedomains.com,Polygender,GPON
397,Maximilianus,Daleman,mdalemanb0@amazon.com,Non-binary,Zen Shiatsu
398,Dorelia,Gier,dgierb1@chicagotribune.com,Non-binary,Amazon EC2
399,Akim,Winspar,awinsparb2@ow.ly,Non-binary,Quality Management
400,Maryrose,Paddington,mpaddingtonb3@facebook.com,Male,Continuous Improvement
401,Prinz,Frankum,pfrankumb4@mail.ru,Polygender,XSL
402,Lanae,Scrannage,lscrannageb5@spiegel.de,Male,Biodiversity
403,Fred,Charters,fchartersb6@cam.ac.uk,Bigender,RDz
404,Evonne,Camp,ecampb7@123-reg.co.uk,Polygender,RCCA
405,Steward,Lythgoe,slythgoeb8@freewebs.com,Bigender,TDI
406,Winonah,Prinn,wprinnb9@constantcontact.com,Genderfluid,RDCS
407,Rand,Tumini,rtuminiba@marketwatch.com,Male,RGB
408,Dwight,Scandwright,dscandwrightbb@hc360.com,Genderfluid,SDS-PAGE
409,Dani,Soars,dsoarsbc@example.com,Male,KPO
410,Bowie,Darlasson,bdarlassonbd@icio.us,Female,Real Estate Economics
411,Neddy,Humblestone,nhumblestonebe@nih.gov,Genderfluid,LS9
412,Luis,Gerhold,lgerholdbf@godaddy.com,Bigender,Career Counseling
413,Sherri,Spinnace,sspinnacebg@princeton.edu,Male,EPCM
414,Dexter,Scamadine,dscamadinebh@about.com,Genderqueer,FSA
415,Bev,Shankland,bshanklandbi@nifty.com,Non-binary,ICD-10
416,Ardra,Bazley,abazleybj@webmd.com,Bigender,QNXT
417,Winne,Skillern,wskillernbk@edublogs.org,Agender,Aerospace Engineering
418,Samara,Lippingwell,slippingwellbl@wordpress.org,Bigender,Kinesiology
419,Corbin,Valti,cvaltibm@house.gov,Non-binary,Sustainability
420,Marvin,Fahy,mfahybn@51.la,Polygender,XCAP
421,Nollie,Folbige,nfolbigebo@printfriendly.com,Non-binary,DVB
422,Jo-ann,Pudden,jpuddenbp@msu.edu,Polygender,BCLS
423,Ricky,Vesque,rvesquebq@marriott.com,Male,GHS
424,Merrie,Barttrum,mbarttrumbr@berkeley.edu,Genderfluid,TSM
425,Gilbert,Piggford,gpiggfordbs@elpais.com,Male,Gifted Education
426,Simonette,Wassell,swassellbt@wordpress.com,Genderqueer,Political Economy
427,Eberhard,Kamen,ekamenbu@angelfire.com,Genderqueer,FMA
428,Lew,Dominiak,ldominiakbv@theglobeandmail.com,Male,Watercolor Illustration
429,Egan,Neilan,eneilanbw@cnet.com,Agender,KYC
430,Jocelyne,Bodicam,jbodicambx@ebay.co.uk,Genderfluid,DDMS
431,Berry,Twentyman,btwentymanby@sun.com,Non-binary,Qt
432,Yoshi,Keen,ykeenbz@europa.eu,Non-binary,WFS
433,Milzie,Stain,mstainc0@cpanel.net,Male,KVM
434,Gordan,Christofle,gchristoflec1@tamu.edu,Genderfluid,Cyberlaw
435,Tabbitha,Hlavac,thlavacc2@tmall.com,Genderqueer,FX Options
436,Perry,Aymer,paymerc3@google.co.uk,Female,Private Banking
437,Doloritas,MacGilrewy,dmacgilrewyc4@msn.com,Male,Subversion
438,Jamie,Partener,jpartenerc5@pen.io,Agender,User Experience
439,Pieter,Kubicki,pkubickic6@lycos.com,Agender,WLAN
440,Shalom,Lotterington,slotteringtonc7@networkadvertising.org,Genderfluid,Glamour
441,Mariel,Skews,mskewsc8@list-manage.com,Agender,Urgent Care
442,Hernando,Symmers,hsymmersc9@hibu.com,Agender,Online Help
443,Nance,Munkley,nmunkleyca@businessinsider.com,Male,QAC
444,Maury,Backshell,mbackshellcb@newyorker.com,Female,Psychological Testing
445,Ernest,MacTeague,emacteaguecc@phoca.cz,Genderqueer,ABAP Web Dynpro
446,Jillene,Huelin,jhuelincd@ibm.com,Polygender,Zmap
447,Nicholas,Desport,ndesportce@zdnet.com,Bigender,CCENT
448,Verne,Pighills,vpighillscf@webmd.com,Genderfluid,GSA Contracting
449,Abby,Bourtoumieux,abourtoumieuxcg@about.com,Male,Outdoor Kitchens
450,Quintus,Bendon,qbendonch@addtoany.com,Agender,CPT
451,Bard,Andreacci,bandreaccici@canalblog.com,Genderqueer,MDT
452,Brook,Bowell,bbowellcj@npr.org,Male,TCLEOSE Instruction
453,Georgianna,Sandham,gsandhamck@etsy.com,Agender,Payroll
454,Iris,Cornbell,icornbellcl@twitpic.com,Genderqueer,Novell Netware
455,Finley,Sibbet,fsibbetcm@accuweather.com,Genderfluid,Nitric Oxide
456,Gray,Rosen,grosencn@google.co.jp,Genderqueer,LR
457,Joletta,Tinkham,jtinkhamco@hp.com,Non-binary,VDI
458,Francklin,Dorrity,fdorritycp@hatena.ne.jp,Male,Sniffer
459,Tillie,Deabill,tdeabillcq@woothemes.com,Genderqueer,Kohana
460,Rebbecca,Gledhill,rgledhillcr@huffingtonpost.com,Bigender,eZ Publish
461,Myron,Quarmby,mquarmbycs@gov.uk,Polygender,DGPS
462,Roseline,Yoakley,ryoakleyct@howstuffworks.com,Polygender,Consumer Behaviour
463,Burl,Drance,bdrancecu@purevolume.com,Genderfluid,Situational Awareness
464,Edgard,Joiris,ejoiriscv@jigsy.com,Bigender,Shrinkage
465,Humbert,Essex,hessexcw@unblog.fr,Female,VMware Server
466,Fleur,Crowd,fcrowdcx@tripadvisor.com,Genderfluid,IDoc
467,Augustina,Plose,aplosecy@skyrock.com,Bigender,Team Effectiveness
468,Eirena,Drinkhill,edrinkhillcz@mozilla.com,Genderqueer,Device Drivers
469,Ginger,Gorch,ggorchd0@biblegateway.com,Genderfluid,IT Outsourcing
470,Claudian,Risdall,crisdalld1@apple.com,Male,Public Administration
471,Giusto,Chippin,gchippind2@alexa.com,Male,TV Distribution
472,Manya,Lovemore,mlovemored3@fda.gov,Non-binary,PC Games
473,Ad,Nelius,aneliusd4@usnews.com,Genderqueer,CNC Programming
474,Sibelle,Steutly,ssteutlyd5@huffingtonpost.com,Non-binary,Project Oversight
475,Spike,Meineken,smeinekend6@forbes.com,Non-binary,Access
476,Domenic,Olding,doldingd7@unblog.fr,Polygender,Banners
477,Louie,Maleby,lmalebyd8@earthlink.net,Genderfluid,Small Boat Operations
478,Blithe,Stonary,bstonaryd9@biblegateway.com,Female,global HCM
479,Corina,Lorand,clorandda@webs.com,Polygender,Humanitarian
480,Vera,Smorfit,vsmorfitdb@so-net.ne.jp,Agender,Patrol
481,Reade,Croft,rcroftdc@nyu.edu,Genderfluid,Veterinary Medicine
482,Yasmeen,Pocklington,ypocklingtondd@plala.or.jp,Genderqueer,NFPA 101
483,Darrell,Howe,dhowede@slashdot.org,Genderqueer,Whole House Renovations
484,Ximenez,Petruszka,xpetruszkadf@sina.com.cn,Non-binary,HDF5
485,Romona,Frapwell,rfrapwelldg@sphinn.com,Genderfluid,HP Blade
486,Rey,Matussov,rmatussovdh@upenn.edu,Agender,Xpress
487,Nerissa,Ortsmann,nortsmanndi@sohu.com,Bigender,XAML
488,Loralyn,Allso,lallsodj@sfgate.com,Male,Data Entry
489,Verne,Van Eeden,vvaneedendk@vkontakte.ru,Agender,ACLS
490,Milli,Windmill,mwindmilldl@amazon.co.jp,Non-binary,NVU
491,Carmella,Kirkby,ckirkbydm@nih.gov,Bigender,Lung
492,Teri,O'Keeffe,tokeeffedn@github.io,Genderfluid,Japanese Business Culture
493,Romona,Tilley,rtilleydo@wikimedia.org,Non-binary,JWICS
494,Boyd,Toke,btokedp@ucsd.edu,Genderqueer,DHTML
495,Cristian,Redmire,credmiredq@hostgator.com,Genderfluid,SVT
496,Quintina,Burk,qburkdr@lulu.com,Polygender,Pivot Tables
497,Beatrisa,Hellis,bhellisds@digg.com,Genderfluid,Athletics
498,Ardeen,Scampion,ascampiondt@state.gov,Male,SBA 504
499,Wallis,Climie,wclimiedu@intel.com,Female,QHSE
500,Vannie,Worshall,vworshalldv@clickbank.net,Male,Gnome
501,Arline,Rosenblath,arosenblathdw@com.com,Polygender,Rigging
502,Hersh,Mattiazzi,hmattiazzidx@cbsnews.com,Bigender,FCIP
503,Koral,Dehn,kdehndy@state.tx.us,Agender,NYS Notary Public
504,Clay,Roby,crobydz@behance.net,Genderqueer,Sound FX Editing
505,Cynthia,Rimes,crimese0@spiegel.de,Genderfluid,Online Gaming
506,Winni,O'Hone,wohonee1@rediff.com,Agender,IAD
507,Deni,Ghiraldi,dghiraldie2@noaa.gov,Polygender,Btrieve
508,Artemas,Ackred,aackrede3@ovh.net,Female,GI
509,Lexi,Spadelli,lspadellie4@fc2.com,Genderfluid,HACCP
510,Lissi,Bold,lbolde5@nytimes.com,Non-binary,Static Timing Analysis
511,Dacia,Brandassi,dbrandassie6@nature.com,Non-binary,Wastewater Treatment
512,Orelia,MacGray,omacgraye7@mapy.cz,Polygender,Kinesio Taping
513,Lissie,Prazor,lprazore8@uiuc.edu,Male,OASIS
514,Kimmy,Corbett,kcorbette9@admin.ch,Male,FQHC
515,Augustus,Mowles,amowlesea@prweb.com,Non-binary,MMI
516,Ruthe,Abthorpe,rabthorpeeb@dell.com,Agender,Youth Empowerment
517,Cary,Redmore,credmoreec@cnbc.com,Bigender,DTD
518,Tricia,Alford,talforded@ted.com,Male,Sales Presentations
519,Junia,Lulham,jlulhamee@ycombinator.com,Polygender,Critical Care
520,Marrissa,Oldfield,moldfieldef@macromedia.com,Genderfluid,Software Engineering
521,Cindy,Neissen,cneisseneg@fc2.com,Polygender,CSLA
522,Cross,Pates,cpateseh@spotify.com,Agender,NI Multisim
523,Barbette,Zannotti,bzannottiei@house.gov,Genderfluid,Fund Accounting
524,Gwenni,Briddle,gbriddleej@cisco.com,Bigender,IPTV
525,Brynna,Fieldstone,bfieldstoneek@g.co,Genderfluid,Subversion
526,Katalin,Fearnsides,kfearnsidesel@so-net.ne.jp,Bigender,LMS Test.Lab
527,Abelard,Harmar,aharmarem@wp.com,Agender,PFlow
528,Braden,Sauter,bsauteren@bbc.co.uk,Male,CMS-1500
529,Merridie,Chaster,mchastereo@qq.com,Female,SolidWorks
530,Lynda,Dhillon,ldhillonep@amazon.com,Polygender,UCM
531,Ferne,Tims,ftimseq@uol.com.br,Polygender,Benefits Negotiation
532,Farica,Disbrey,fdisbreyer@jiathis.com,Bigender,JBuilder
533,Mathilde,Thynn,mthynnes@technorati.com,Female,Environmental Impact Assessment
534,Raff,Dymott,rdymottet@psu.edu,Polygender,Sales Management
535,Fred,Rappa,frappaeu@redcross.org,Non-binary,Waste Management
536,Annice,Josefowicz,ajosefowiczev@washington.edu,Genderqueer,MRAM
537,Ive,Surgeoner,isurgeonerew@techcrunch.com,Agender,Festivals
538,Wileen,Issacof,wissacofex@google.co.jp,Female,Immunohistochemistry
539,Laetitia,MacParland,lmacparlandey@google.nl,Male,Oil &amp; Gas Services
540,Maire,Curston,mcurstonez@myspace.com,Agender,IKB
541,Yehudi,Mandell,ymandellf0@who.int,Male,Rock Music
542,Lavinie,Wooder,lwooderf1@craigslist.org,Bigender,Evangelism
543,Gabie,Calyton,gcalytonf2@youtu.be,Agender,JiBX
544,Lyndsey,Shelper,lshelperf3@mapquest.com,Non-binary,IP VPN
545,Dorie,Merrigans,dmerrigansf4@merriam-webster.com,Agender,Zsh
546,Elianora,Giacomoni,egiacomonif5@51.la,Agender,Zend Server
547,Norah,Ing,ningf6@devhub.com,Genderfluid,MMSC
548,Harmonie,Fleckney,hfleckneyf7@ca.gov,Female,Ehcache
549,Sidonnie,Monte,smontef8@cbc.ca,Male,Qmail
550,Debi,Safhill,dsafhillf9@usgs.gov,Genderfluid,Childcare
551,Scotty,Wonfar,swonfarfa@washington.edu,Bigender,DVB-S2
552,Marni,Drance,mdrancefb@privacy.gov.au,Genderfluid,Jet Ski
553,Trent,Goggins,tgogginsfc@youtu.be,Agender,Foreclosures
554,Danie,Nowakowski,dnowakowskifd@geocities.jp,Genderfluid,SDH
555,Cordi,Rois,croisfe@cornell.edu,Non-binary,GFAAS
556,Emmerich,Margarson,emargarsonff@nydailynews.com,Female,Oleochemicals
557,Blayne,Paff,bpafffg@wordpress.org,Non-binary,Job Analysis
558,Rolland,Gilkison,rgilkisonfh@cisco.com,Female,Operational Oversight
559,Denys,Westphalen,dwestphalenfi@delicious.com,Male,IAD
560,Kamilah,Lyford,klyfordfj@linkedin.com,Female,GCF
561,Serena,Banyard,sbanyardfk@webmd.com,Polygender,ePolicy Orchestrator
562,Dolph,Kirkup,dkirkupfl@merriam-webster.com,Genderqueer,Klocwork
563,Farly,Heeks,fheeksfm@elegantthemes.com,Male,FDR
564,Rene,Cuthbertson,rcuthbertsonfn@cargocollective.com,Genderfluid,Product Development
565,Nikki,Skellon,nskellonfo@cmu.edu,Polygender,Tax Preparation
566,Benedict,Antonat,bantonatfp@wikispaces.com,Bigender,Portfolio Management
567,Harlen,Sailor,hsailorfq@hibu.com,Bigender,JMX
568,Tove,Hallward,thallwardfr@purevolume.com,Non-binary,Organizational Development
569,Philly,Sleep,psleepfs@mapy.cz,Polygender,Observational Studies
570,Nita,Muncey,nmunceyft@aboutads.info,Agender,Axys
571,Meggie,Radbond,mradbondfu@nasa.gov,Agender,JDE Enterprise One
572,Mandie,Minchi,mminchifv@time.com,Polygender,Special Effects Makeup
573,Perice,Janson,pjansonfw@mediafire.com,Genderfluid,JDF
574,Albertina,Bibey,abibeyfx@nsw.gov.au,Non-binary,DBs
575,Kristoforo,Snasel,ksnaselfy@arstechnica.com,Polygender,High Availability
576,Lonnard,Longea,llongeafz@jalbum.net,Genderfluid,Biology
577,Modestine,Sparhawk,msparhawkg0@discuz.net,Genderqueer,JNCIP
578,Juliane,Lerner,jlernerg1@yale.edu,Agender,Cash Handling
579,Karlens,Tatchell,ktatchellg2@exblog.jp,Agender,JMX
580,Beverley,Sousa,bsousag3@geocities.jp,Male,CQA
581,Teador,Bugg,tbuggg4@marriott.com,Bigender,NFS
582,Cart,Kuhlen,ckuhleng5@utexas.edu,Genderfluid,Project Implementation
583,Elias,Bazell,ebazellg6@usatoday.com,Polygender,DTC
584,Melba,Ullock,mullockg7@cdbaby.com,Bigender,NHL
585,Odette,Blankau,oblankaug8@naver.com,Genderqueer,MRV
586,Ellswerth,Gadd,egaddg9@wikimedia.org,Genderfluid,Graphics
587,Even,Ibbs,eibbsga@ca.gov,Bigender,Agile Testing
588,Christian,Dirkin,cdirkingb@histats.com,Polygender,VLSI
589,Tandie,Peasgood,tpeasgoodgc@photobucket.com,Polygender,UTP
590,Linnet,Thursby,lthursbygd@storify.com,Female,DVI
591,Loren,Noble,lnoblege@google.pl,Genderqueer,Histology
592,Dunc,Lillistone,dlillistonegf@prlog.org,Genderfluid,Employment Law
593,Hillery,Tremollet,htremolletgg@t.co,Polygender,HBase
594,Leeann,Penn,lpenngh@addthis.com,Genderqueer,CPR Instruction
595,Bonnee,Dake,bdakegi@timesonline.co.uk,Non-binary,Zoology
596,Edmund,Noye,enoyegj@gravatar.com,Agender,SQL
597,Charmion,Ellaman,cellamangk@tuttocitta.it,Genderfluid,Jenkins
598,Vivi,Christophersen,vchristophersengl@time.com,Genderfluid,Interviews
599,Steffane,Falconar,sfalconargm@nhs.uk,Non-binary,RHCE
600,Abdul,Astin,aastingn@1und1.de,Genderqueer,Observational Studies
601,Buckie,Fillis,bfillisgo@cbc.ca,Bigender,Pumps
602,Veronika,Pietrzyk,vpietrzykgp@oracle.com,Genderfluid,MDF
603,Parsifal,Dran,pdrangq@so-net.ne.jp,Female,LNG
604,Sayer,Crannach,scrannachgr@twitpic.com,Male,IAX
605,Frederico,Eastup,feastupgs@skyrock.com,Agender,BMI
606,Errick,Jacquemy,ejacquemygt@wikispaces.com,Bigender,Navigation
607,Huntlee,Walch,hwalchgu@weibo.com,Male,IGBT
608,Wernher,Lucock,wlucockgv@utexas.edu,Male,Visio
609,Verina,Mathewson,vmathewsongw@cargocollective.com,Genderqueer,Hospitality Management
610,Hoebart,Adenot,hadenotgx@ebay.com,Female,IBM Servers
611,Langsdon,Rothert,lrothertgy@mayoclinic.com,Female,AAAHC
612,Irita,Clarage,iclaragegz@youku.com,Agender,Uzbek
613,Annabal,Cranham,acranhamh0@patch.com,Non-binary,SQL Tuning
614,Livia,Mafham,lmafhamh1@uol.com.br,Genderqueer,Xilinx ISE
615,Allix,Chidgey,achidgeyh2@seattletimes.com,Polygender,Spot TV
616,Tiphani,Ostler,tostlerh3@slashdot.org,Non-binary,Special Effects Makeup
617,Kenton,Tupie,ktupieh4@thetimes.co.uk,Female,SQL Server Management Studio
618,Timothee,Schwandermann,tschwandermannh5@answers.com,Bigender,Blender
619,Hilary,Quarterman,hquartermanh6@networkadvertising.org,Agender,Nursing Care
620,Brose,Senton,bsentonh7@walmart.com,Bigender,Outdoor Kitchens
621,Ealasaid,Woodward,ewoodwardh8@altervista.org,Bigender,GCIH
622,Lamar,MacDermott,lmacdermotth9@squarespace.com,Male,After FX
623,Elvyn,Heimann,eheimannha@liveinternet.ru,Female,Supply Management
624,Niki,Blasing,nblasinghb@tamu.edu,Agender,BMP design
625,Orel,Valde,ovaldehc@alexa.com,Male,Owner-managed businesses
626,Karissa,Stammirs,kstammirshd@dailymotion.com,Female,Organizational Behavior
627,Missy,Georgius,mgeorgiushe@webeden.co.uk,Genderfluid,NLB
628,Monty,Ferrieres,mferriereshf@sitemeter.com,Genderfluid,XMetal
629,Kayley,McBeth,kmcbethhg@patch.com,Genderqueer,VLDB
630,Mady,Chucks,mchuckshh@oracle.com,Polygender,GNU/Linux
631,Andriette,Hotson,ahotsonhi@walmart.com,Genderqueer,Xenu
632,Ravid,Lancaster,rlancasterhj@rambler.ru,Genderqueer,Audio Editing
633,Aldus,Meiningen,ameiningenhk@ucoz.com,Agender,SVM
634,Barnard,Iacobo,biacobohl@wunderground.com,Polygender,Pneumatic Conveying
635,Mattias,Walentynowicz,mwalentynowiczhm@simplemachines.org,Male,Factory
636,Muffin,Penhallurick,mpenhallurickhn@theatlantic.com,Non-binary,Robotics
637,Jamey,Rzehorz,jrzehorzho@yahoo.co.jp,Genderfluid,XPS
638,Jereme,Blondelle,jblondellehp@unicef.org,Female,USDA Rural Housing
639,Boigie,Burrage,bburragehq@illinois.edu,Bigender,Sports Injuries
640,Else,Sothcott,esothcotthr@psu.edu,Male,Assessment Center
641,Wilfrid,Trangmar,wtrangmarhs@wufoo.com,Non-binary,Automotive
642,Janifer,Vann,jvannht@tuttocitta.it,Agender,Screening Resumes
643,Marieann,Swain,mswainhu@skyrock.com,Agender,Yeast
644,Reagen,Flute,rflutehv@multiply.com,Male,LLC
645,Sonnie,Garnsey,sgarnseyhw@yale.edu,Male,Node.js
646,Daphna,Bittlestone,dbittlestonehx@clickbank.net,Male,DCF
647,Daloris,Phythean,dphytheanhy@nps.gov,Polygender,Mathematical Modeling
648,Susanne,Turbefield,sturbefieldhz@mit.edu,Polygender,Xoops
649,Gregg,Langfitt,glangfitti0@yahoo.com,Female,Youth Work
650,Kingston,Zamora,kzamorai1@ft.com,Genderqueer,Financial Risk
651,Courtenay,Fellows,cfellowsi2@artisteer.com,Female,MRDs
652,Baillie,Wainer,bwaineri3@pagesperso-orange.fr,Genderqueer,Human Resource Planning
653,Ardelis,Sinkings,asinkingsi4@archive.org,Genderfluid,Economic Policy
654,Abagael,Vasnev,avasnevi5@elegantthemes.com,Non-binary,DSLR
655,Rosette,Pavese,rpavesei6@telegraph.co.uk,Genderqueer,MS Axapta
656,Hamlen,Zanicchelli,hzanicchellii7@miibeian.gov.cn,Polygender,CBOT
657,Brok,Truluck,btrulucki8@apache.org,Polygender,Airport Management
658,Charlean,Boynes,cboynesi9@whitehouse.gov,Polygender,Beer
659,Findlay,Rhydderch,frhydderchia@nih.gov,Genderfluid,Apache Ivy
660,Olympe,Klimov,oklimovib@tumblr.com,Bigender,Luciferase Assay
661,Guillermo,Gilffillan,ggilffillanic@hubpages.com,Genderfluid,Rehabilitation Psychology
662,Harlene,Godmar,hgodmarid@microsoft.com,Bigender,Whole Life
663,Em,Southwood,esouthwoodie@bizjournals.com,Non-binary,RSA Security
664,Allin,Gurrado,agurradoif@ihg.com,Male,IEEE 802.11
665,Emily,Casassa,ecasassaig@w3.org,Bigender,Women Owned Business
666,Vanessa,Goude,vgoudeih@alexa.com,Female,Food Science
667,Dreddy,Ellar,dellarii@netscape.com,Polygender,Cross-border Transactions
668,Elva,McAlpin,emcalpinij@squarespace.com,Female,Constructive Feedback
669,Patsy,Mingey,pmingeyik@alexa.com,Genderqueer,MTBF
670,Aldridge,Bum,abumil@slashdot.org,Agender,Press Kits
671,Abram,Figin,afiginim@ow.ly,Genderfluid,Factory
672,Gerianne,Gobell,ggobellin@edublogs.org,Bigender,Surgery
673,Noel,Royds,nroydsio@godaddy.com,Female,Variance Analysis
674,Morey,Guilford,mguilfordip@usda.gov,Genderqueer,Internet Banking
675,Luce,Eloi,leloiiq@foxnews.com,Genderfluid,JSP440
676,Claudelle,Saunton,csauntonir@friendfeed.com,Male,Nonprofits
677,Elias,Sigsworth,esigsworthis@sohu.com,Male,Affiliate Management
678,Annemarie,Danser,adanserit@technorati.com,Genderfluid,HP NonStop
679,Glen,Larraway,glarrawayiu@csmonitor.com,Genderfluid,Toyota Production System
680,Hendrick,Ketchell,hketchelliv@tumblr.com,Polygender,Knee Pain
681,Beltran,Forward,bforwardiw@technorati.com,Polygender,Yield Management
682,Mariejeanne,Funnell,mfunnellix@businessweek.com,Genderqueer,Juniper Switches
683,Xylina,Quenell,xquenelliy@statcounter.com,Agender,Basic HTML
684,Fernandina,Minnock,fminnockiz@photobucket.com,Female,PC Games
685,Ceil,MacLese,cmaclesej0@irs.gov,Agender,Visual Basic
686,Madelle,Burren,mburrenj1@huffingtonpost.com,Genderfluid,Digital Imaging
687,Torrance,Pashen,tpashenj2@washingtonpost.com,Non-binary,VDM
688,Doro,Forri,dforrij3@soup.io,Bigender,Open XML
689,Carrie,Pawlett,cpawlettj4@arstechnica.com,Agender,CGI
690,Art,Bercevelo,aberceveloj5@netvibes.com,Bigender,PTO
691,Roselle,Pretswell,rpretswellj6@ucoz.com,Male,Foreign Affairs
692,Teirtza,Ahern,tahernj7@reuters.com,Polygender,LGBT Rights
693,Jecho,Farrington,jfarringtonj8@house.gov,Genderfluid,Mining
694,Vic,Wych,vwychj9@bravesites.com,Genderfluid,HCCP
695,Benton,Yesinin,byesininja@acquirethisname.com,Genderqueer,Hudson
696,Keenan,Drable,kdrablejb@icio.us,Genderqueer,WPC
697,Ranna,Yanshinov,ryanshinovjc@symantec.com,Genderfluid,Scientific Writing
698,Ad,Layland,alaylandjd@nbcnews.com,Non-binary,German
699,Roanne,Dan,rdanje@umich.edu,Genderfluid,SSCP
700,Katrine,Newgrosh,knewgroshjf@wisc.edu,Bigender,BMC Remedy User
701,Rhoda,Hinners,rhinnersjg@ow.ly,Bigender,Logic Pro
702,Angelle,Hindmoor,ahindmoorjh@uiuc.edu,Genderqueer,Gas
703,Malcolm,Stronge,mstrongeji@merriam-webster.com,Non-binary,Zoology
704,Angelica,Cowterd,acowterdjj@w3.org,Male,Git
705,Carlynn,Pyke,cpykejk@homestead.com,Genderqueer,Classical
706,Jewell,Karet,jkaretjl@jiathis.com,Male,Taleo
707,Elston,Baline,ebalinejm@earthlink.net,Genderfluid,Xoops
708,Alfreda,Phebey,aphebeyjn@histats.com,Genderqueer,EP
709,Berny,Stemson,bstemsonjo@google.ru,Male,PL/SQL
710,Leola,Blowen,lblowenjp@dagondesign.com,Male,MPBGP
711,Rora,Shills,rshillsjq@scribd.com,Polygender,VAT
712,Lisbeth,Gagen,lgagenjr@moonfruit.com,Genderqueer,RTSP
713,Ellswerth,Lissenden,elissendenjs@ifeng.com,Polygender,XPS
714,Melinda,Bodechon,mbodechonjt@intel.com,Genderfluid,Zenoss
715,Sybila,Nesfield,snesfieldju@aboutads.info,Genderqueer,Whole House Renovations
716,Kakalina,Piggens,kpiggensjv@businesswire.com,Genderqueer,Heavy Oil
717,Inigo,Creggan,icregganjw@fastcompany.com,Male,IEC 61131-3
718,Markos,Tidy,mtidyjx@yandex.ru,Agender,Dry Eye
719,Ronni,Scutcheon,rscutcheonjy@blogspot.com,Male,Ignatian Spirituality
720,Mariquilla,Scrivner,mscrivnerjz@google.it,Genderqueer,CCIM
721,Henry,Gerhartz,hgerhartzk0@netvibes.com,Female,Epic Systems
722,Dwayne,Roberto,drobertok1@aol.com,Non-binary,Nastran
723,Priscella,Gurg,pgurgk2@moonfruit.com,Male,Equity Valuation
724,Buffy,McCready,bmccreadyk3@so-net.ne.jp,Polygender,MQX
725,Tiffani,Gutherson,tguthersonk4@oakley.com,Non-binary,Fly Tying
726,Carce,Tremoulet,ctremouletk5@cnet.com,Polygender,JNCIP
727,Morty,Philbin,mphilbink6@ibm.com,Bigender,MVC
728,Dyanne,Rigmond,drigmondk7@php.net,Agender,GNU C++
729,Linnell,Tuxill,ltuxillk8@about.me,Bigender,TPD
730,Adey,Norvel,anorvelk9@google.nl,Agender,Mathematical Modeling
731,Veriee,Espinal,vespinalka@tuttocitta.it,Genderfluid,Workshop Facilitation
732,Hew,Pratty,hprattykb@cdbaby.com,Male,XPDL
733,Therese,McPhaden,tmcphadenkc@zimbio.com,Agender,Hospitality
734,Letti,Whitney,lwhitneykd@mapy.cz,Male,FPA
735,Corrinne,Baudichon,cbaudichonke@rakuten.co.jp,Bigender,Big Box
736,Joye,Hazley,jhazleykf@apple.com,Bigender,BPH
737,Kearney,MacAvddy,kmacavddykg@unesco.org,Genderqueer,Award Ceremonies
738,Laura,Kenderdine,lkenderdinekh@amazon.de,Bigender,Ejabberd
739,Winne,Ancliff,wancliffki@disqus.com,Genderqueer,Kanban
740,Darbee,Noddle,dnoddlekj@soundcloud.com,Genderqueer,DPF
741,Conchita,Elgie,celgiekk@exblog.jp,Female,EViews
742,Jeana,Furmage,jfurmagekl@dedecms.com,Polygender,Client Aquisition
743,Rodger,Pesselt,rpesseltkm@google.ca,Bigender,XFP
744,Paola,Hilley,philleykn@telegraph.co.uk,Bigender,VSD
745,Pearline,Mayworth,pmayworthko@nsw.gov.au,Agender,PC building
746,Melisse,Fishleigh,mfishleighkp@google.pl,Polygender,Enterprise Software
747,Bond,Jepson,bjepsonkq@army.mil,Polygender,Urology
748,Alica,Espadas,aespadaskr@ft.com,Non-binary,Genetics
749,Shawnee,Bondar,sbondarks@pbs.org,Male,Guitar Playing
750,Angelle,Juares,ajuareskt@deviantart.com,Female,Eggplant
751,Elston,Osbourn,eosbournku@gizmodo.com,Non-binary,IVUS
752,Jacquelyn,Isack,jisackkv@telegraph.co.uk,Female,FPA
753,Carola,Matantsev,cmatantsevkw@addtoany.com,Polygender,Classical
754,Terrell,Dancy,tdancykx@aol.com,Male,Capital Markets
755,Holmes,Bruhke,hbruhkeky@scribd.com,Bigender,Ethical Hacking
756,Ianthe,Quittonden,iquittondenkz@epa.gov,Male,Klout
757,Koren,Rieflin,krieflinl0@amazon.com,Female,DDL
758,Dimitri,McBratney,dmcbratneyl1@meetup.com,Bigender,DBT
759,Dulcinea,Goaks,dgoaksl2@noaa.gov,Bigender,Bodywork
760,Albert,Newlin,anewlinl3@un.org,Female,EEPROM
761,Lora,Handes,lhandesl4@slideshare.net,Male,IEEE standards
762,Jacquenetta,Kidney,jkidneyl5@oaic.gov.au,Female,EOS
763,Humberto,Bosley,hbosleyl6@phoca.cz,Genderqueer,Xalan
764,Karol,Scoble,kscoblel7@nytimes.com,Genderfluid,Church Growth
765,Randolf,Emeny,remenyl8@bing.com,Genderqueer,Media TV
766,Noel,Pipe,npipel9@twitpic.com,Non-binary,CSCP
767,Tabbi,Gaskoin,tgaskoinla@unc.edu,Polygender,Overhead Cranes
768,Derrek,Christoffe,dchristoffelb@nature.com,Male,Receptionist Duties
769,Raffaello,Banishevitz,rbanishevitzlc@wisc.edu,Female,Olympic Lifting
770,Trefor,Roscam,troscamld@senate.gov,Female,Healing
771,Farleigh,Ruffy,fruffyle@nps.gov,Agender,Automotive
772,Kevan,Borton,kbortonlf@ocn.ne.jp,Agender,Ukulele
773,Adelind,Parkeson,aparkesonlg@mapquest.com,Genderfluid,After FX
774,Shani,Eckersley,seckersleylh@jiathis.com,Male,XML Schema
775,Antonino,Gatch,agatchli@unicef.org,Non-binary,IAR
776,Gwenette,Simao,gsimaolj@gov.uk,Agender,MRSA
777,Lucian,Elner,lelnerlk@flavors.me,Genderqueer,Guerrilla Marketing
778,Mathew,Greatham,mgreathamll@va.gov,Bigender,User Acceptance Testing
779,Durand,Westcar,dwestcarlm@rakuten.co.jp,Polygender,RF Engineering
780,Darrin,McKaile,dmckaileln@cpanel.net,Bigender,JIT
781,Ernesto,Pedden,epeddenlo@ucoz.com,Bigender,CTIOS
782,Davis,Wethers,dwetherslp@businesswire.com,Bigender,HTML
783,Giselbert,Stroulger,gstroulgerlq@google.com.au,Genderqueer,Molecular Biology
784,Roxie,Kimber,rkimberlr@accuweather.com,Bigender,MySQL
785,Gunilla,Gregoraci,ggregoracils@mapy.cz,Agender,Sage 300 ERP
786,Lynne,Kobu,lkobult@cloudflare.com,Male,ILS
787,Brendin,Pero,bperolu@parallels.com,Non-binary,Eye Tracking
788,Peterus,Kollatsch,pkollatschlv@mtv.com,Male,Computer System Validation
789,Marys,Arnal,marnallw@t.co,Bigender,ZenCart
790,Sawyere,Drains,sdrainslx@pinterest.com,Genderfluid,BSP
791,Hailee,Risbrough,hrisbroughly@guardian.co.uk,Polygender,Knowledge Engineering
792,Cheslie,Briatt,cbriattlz@wikia.com,Non-binary,Web Development
793,Beatriz,Sallter,bsallterm0@marriott.com,Bigender,Grant Writing
794,Pierette,O' Clovan,poclovanm1@list-manage.com,Genderqueer,BMR
795,Dina,Gillebert,dgillebertm2@ihg.com,Non-binary,JFace
796,Montgomery,Ditts,mdittsm3@hud.gov,Female,DSDM
797,Lucine,Croasdale,lcroasdalem4@narod.ru,Male,Equestrian
798,Kellyann,Methringham,kmethringhamm5@nba.com,Bigender,MVC
799,Kristoffer,Forestel,kforestelm6@irs.gov,Bigender,AAMS
800,Adela,Eliaz,aeliazm7@indiegogo.com,Female,FSMS
801,Reinaldos,Gentle,rgentlem8@cdc.gov,Agender,DNS Management
802,Fayth,Timblett,ftimblettm9@desdev.cn,Non-binary,Educational Outreach
803,Aaron,Verchambre,averchambrema@mtv.com,Genderqueer,Western Europe
804,Yetty,Champken,ychampkenmb@biglobe.ne.jp,Genderqueer,Running
805,Raymond,Grelak,rgrelakmc@npr.org,Genderqueer,KNX
806,Deni,O'Fallowne,dofallownemd@hexun.com,Genderfluid,UF/DF
807,Rachel,Gillani,rgillanime@last.fm,Bigender,High Availability Clustering
808,Queenie,Blockwell,qblockwellmf@rakuten.co.jp,Non-binary,Light Rail
809,Casey,Markie,cmarkiemg@toplist.cz,Bigender,Ulcerative Colitis
810,Tersina,Cloonan,tcloonanmh@storify.com,Agender,Talent Booking
811,Nelia,Hutchings,nhutchingsmi@house.gov,Genderfluid,Play-by-play
812,Erma,Hadland,ehadlandmj@ow.ly,Bigender,Wholesale Lending
813,Skippy,Clementet,sclementetmk@blogs.com,Female,wxWidgets
814,Feodor,McGreal,fmcgrealml@wikipedia.org,Genderfluid,Recruiting
815,Myrilla,Overill,moverillmm@tiny.cc,Genderqueer,Epigenetics
816,Niccolo,Bruster,nbrustermn@slashdot.org,Bigender,Web 2.0
817,Bud,Brodnecke,bbrodneckemo@psu.edu,Agender,WCSF
818,Worthington,Ballister,wballistermp@slideshare.net,Bigender,JDA
819,Cammi,de Castelain,cdecastelainmq@techcrunch.com,Polygender,Electrical Troubleshooting
820,Lisabeth,Eynaud,leynaudmr@amazonaws.com,Agender,Professional Services
821,Corny,Toffalo,ctoffaloms@netscape.com,Bigender,Lunch
822,Thorin,Da Costa,tdacostamt@storify.com,Agender,WDK
823,Ailee,Henzley,ahenzleymu@ustream.tv,Male,Program Evaluation
824,Eldredge,Tineman,etinemanmv@earthlink.net,Polygender,HCP
825,Curcio,Renfree,crenfreemw@ucoz.com,Male,Criminal Law
826,Tybalt,Moughtin,tmoughtinmx@sbwire.com,Genderfluid,Vehicles
827,Mireielle,Matyja,mmatyjamy@pen.io,Genderqueer,VM
828,Glynnis,Reiners,greinersmz@fastcompany.com,Genderqueer,XPAC
829,Zonda,Middleton,zmiddletonn0@ustream.tv,Male,GSA Contracting
830,Yoshiko,Land,ylandn1@example.com,Female,DC-DC
831,Thom,Blumsom,tblumsomn2@slate.com,Genderfluid,DNS Administration
832,Deeann,Drover,ddrovern3@usda.gov,Female,LLVM
833,Marcella,Yakunchikov,myakunchikovn4@google.com.au,Non-binary,SRM
834,Eolande,Ridhole,eridholen5@cdc.gov,Female,UL
835,Langston,Keaveney,lkeaveneyn6@usda.gov,Male,EOC
836,Dyna,Middlemiss,dmiddlemissn7@cbc.ca,Genderfluid,Sleep Apnea
837,Alysa,Reeson,areesonn8@usda.gov,Non-binary,CBOT
838,Roshelle,Dumingos,rdumingosn9@opera.com,Non-binary,Enterprise Software
839,Joyan,Jikylls,jjikyllsna@toplist.cz,Genderqueer,Emergency Nursing
840,Jeanelle,Padula,jpadulanb@spotify.com,Non-binary,Electronic Warfare
841,Yolane,Borrows,yborrowsnc@imageshack.us,Genderfluid,GNU C++
842,Aundrea,Lamperd,alamperdnd@nps.gov,Genderqueer,DFMEA
843,Pamela,Tredgold,ptredgoldne@alexa.com,Polygender,DFD
844,Jenifer,Beardshall,jbeardshallnf@washington.edu,Polygender,Global Marketing
845,Felike,Dell,fdellng@gov.uk,Male,XRR
846,Corny,Andriuzzi,candriuzzinh@biglobe.ne.jp,Female,Audio Typing
847,Joy,MacGorrie,jmacgorrieni@prnewswire.com,Bigender,Typewriter
848,Jennica,Hassett,jhassettnj@theatlantic.com,Agender,Vi
849,Nathalia,Maffetti,nmaffettink@flavors.me,Non-binary,Distribution Center Operations
850,Shauna,Kirckman,skirckmannl@arstechnica.com,Non-binary,PMIS
851,Kiele,Godfrey,kgodfreynm@chicagotribune.com,Non-binary,Cerner
852,Honey,Gohn,hgohnnn@constantcontact.com,Agender,TMAP
853,Gerri,Edridge,gedridgeno@tinyurl.com,Genderqueer,OS/400
854,Lennie,Cerith,lcerithnp@feedburner.com,Bigender,Lecturing
855,Gerick,Gadson,ggadsonnq@howstuffworks.com,Female,Universal Life
856,Brocky,Wolters,bwoltersnr@marketwatch.com,Polygender,FS-CD
857,Arlan,Porson,aporsonns@bloomberg.com,Non-binary,Key Person Insurance
858,Jerry,Breeze,jbreezent@buzzfeed.com,Bigender,Corporate Real Estate
859,Roldan,Franchioni,rfranchioninu@t-online.de,Polygender,UCSC Genome Browser
860,Archibald,Raitie,araitienv@hexun.com,Non-binary,EBMS
861,Myrtice,Drury,mdrurynw@washington.edu,Female,PQQs
862,Kirby,Buttler,kbuttlernx@yellowpages.com,Male,XML-RPC
863,Auberon,Klima,aklimany@gizmodo.com,Female,MLOAD
864,Janeta,Pearl,jpearlnz@w3.org,Female,XCOM
865,Ronica,Sapsforde,rsapsfordeo0@mlb.com,Female,Guided Reading
866,Gail,Polo,gpoloo1@tumblr.com,Agender,DMX
867,Preston,Lohoar,plohoaro2@gov.uk,Agender,NT Backup
868,Kaylyn,Chichgar,kchichgaro3@bluehost.com,Polygender,Zotero
869,Patsy,Bake,pbakeo4@meetup.com,Genderfluid,Gynecologic Surgery
870,Paton,Loyley,ployleyo5@bbb.org,Agender,HCV
871,Wolfgang,Bitterton,wbittertono6@ibm.com,Genderfluid,OAS
872,Lisle,Deniscke,ldenisckeo7@1und1.de,Genderqueer,zLinux
873,Odilia,Kornel,okornelo8@instagram.com,Agender,BCA Protein Assay
874,Ashli,Birtles,abirtleso9@cafepress.com,Genderqueer,SharePoint
875,Jessica,Iliffe,jiliffeoa@gravatar.com,Genderfluid,Entity Framework
876,Calla,Cutts,ccuttsob@miitbeian.gov.cn,Bigender,Ericsson OSS
877,Zaneta,Marzelo,zmarzelooc@zimbio.com,Genderqueer,Xenu
878,Jacobo,Dinnage,jdinnageod@boston.com,Bigender,Ultrasound
879,Hobart,Rule,hruleoe@barnesandnoble.com,Female,LP
880,Lewiss,Alder,lalderof@weibo.com,Non-binary,VMware Server
881,Emera,Kerslake,ekerslakeog@mysql.com,Bigender,Google Docs
882,Reider,Stiles,rstilesoh@ameblo.jp,Bigender,Information Architecture
883,Leila,McFadden,lmcfaddenoi@myspace.com,Genderfluid,USB
884,Alfie,Jacquemard,ajacquemardoj@fastcompany.com,Female,LTE
885,Sisile,Ballach,sballachok@dot.gov,Non-binary,Gym
886,Birk,Charlotte,bcharlotteol@toplist.cz,Agender,SOA BPEL
887,Benito,Treuge,btreugeom@nytimes.com,Female,iWork
888,Corissa,McIlraith,cmcilraithon@liveinternet.ru,Male,Systems Analysis
889,Emmey,Pepler,epepleroo@themeforest.net,Agender,IBM HTTP Server
890,Demott,Veschambes,dveschambesop@businessweek.com,Genderfluid,Health Insurance
891,Torry,Villar,tvillaroq@flickr.com,Genderqueer,Jewish Studies
892,Saraann,Bavister,sbavisteror@netvibes.com,Genderfluid,ICT Governance
893,Lottie,Kubu,lkubuos@elegantthemes.com,Non-binary,Hypnosis
894,Alana,Duffie,aduffieot@fc2.com,Non-binary,Lubricants
895,Astrid,Marrow,amarrowou@dot.gov,Bigender,Nursing Process
896,Cly,Blacket,cblacketov@vistaprint.com,Genderfluid,GSA Schedule
897,Eugene,Poundford,epoundfordow@amazon.de,Agender,Animal Behavior
898,Derwin,Cogan,dcoganox@oaic.gov.au,Male,ICP-OES
899,Joshua,Lampett,jlampettoy@deliciousdays.com,Polygender,Logging
900,Mathias,Lamont,mlamontoz@dailymail.co.uk,Polygender,Visual Communication
901,Nerti,Carlisle,ncarlislep0@yahoo.com,Female,Aftersales
902,Hermy,Lytle,hlytlep1@phpbb.com,Female,Mental Health Counseling
903,Ode,Emmerson,oemmersonp2@cdbaby.com,Female,Siebel
904,Ingra,Hawkswood,ihawkswoodp3@tinypic.com,Non-binary,Big Box
905,Molly,Millberg,mmillbergp4@slate.com,Female,Usability Engineering
906,Bridget,Kinglesyd,bkinglesydp5@eventbrite.com,Genderfluid,Gmail
907,Dyane,Kobisch,dkobischp6@springer.com,Genderqueer,SDL Trados
908,Annemarie,McMylor,amcmylorp7@wix.com,Polygender,Zeolites
909,Shaughn,Emmison,semmisonp8@edublogs.org,Non-binary,Vacation
910,Axel,Randales,arandalesp9@vkontakte.ru,Bigender,Ducting
911,Estele,Philips,ephilipspa@yahoo.com,Female,CGI
912,Jervis,Faye,jfayepb@princeton.edu,Non-binary,Venue Management
913,Lovell,Dowzell,ldowzellpc@umn.edu,Genderqueer,CTF
914,Allix,Andrieu,aandrieupd@buzzfeed.com,Agender,XSI
915,Etta,Targetter,etargetterpe@vimeo.com,Male,Agribusiness
916,Seymour,Steger,sstegerpf@java.com,Non-binary,Gyrotonic
917,Lory,Snaddin,lsnaddinpg@moonfruit.com,Genderqueer,Image Processing
918,Bartholemy,O'Farris,bofarrisph@elegantthemes.com,Genderfluid,Cinematography
919,Pia,Mc Carroll,pmccarrollpi@bigcartel.com,Polygender,jQuery
920,Bianka,Benezet,bbenezetpj@cbsnews.com,Genderqueer,Patrol
921,Margot,Jerschke,mjerschkepk@i2i.jp,Genderfluid,Audio Typing
922,Franciska,Waber,fwaberpl@networksolutions.com,Polygender,AES
923,Wallas,Granville,wgranvillepm@yandex.ru,Polygender,mTAB
924,Raddie,Luchetti,rluchettipn@sakura.ne.jp,Non-binary,GFAAS
925,Hollie,Raikes,hraikespo@wiley.com,Bigender,Wholesale Purchasing
926,Sherie,Bandey,sbandeypp@github.com,Male,IBM pSeries
927,Florella,Vigers,fvigerspq@bluehost.com,Non-binary,Creative Strategy
928,Myrna,Bewly,mbewlypr@opera.com,Male,SVG
929,Dennie,Wagner,dwagnerps@addtoany.com,Genderfluid,Youth Ministry
930,Nani,Linneman,nlinnemanpt@creativecommons.org,Bigender,ISO 22000
931,Una,Verney,uverneypu@com.com,Non-binary,CBEST
932,Ranna,Kornyakov,rkornyakovpv@wunderground.com,Genderqueer,SBA
933,Doralin,Couronne,dcouronnepw@yahoo.com,Genderfluid,Vector NTI
934,Sidney,Skelly,sskellypx@1und1.de,Male,HBOC
935,Joseph,Lowdiane,jlowdianepy@wufoo.com,Female,Boating
936,Bordie,Dancy,bdancypz@hp.com,Agender,Business Planning
937,Mellicent,Ahrens,mahrensq0@hc360.com,Genderqueer,SAP OM
938,Karola,Flook,kflookq1@sfgate.com,Male,Special Education
939,Archaimbaud,Greeveson,agreevesonq2@google.com,Male,XPAC
940,Nicky,Bulfoot,nbulfootq3@unesco.org,Bigender,Windows Server
941,Rodie,Bims,rbimsq4@studiopress.com,Non-binary,Video Production
942,Irma,Rabidge,irabidgeq5@usatoday.com,Genderfluid,Blender
943,Adrienne,Reedshaw,areedshawq6@uol.com.br,Genderqueer,Lymphedema
944,Celestine,Sperring,csperringq7@free.fr,Genderfluid,MICROS
945,Everard,Guitte,eguitteq8@bizjournals.com,Male,Brokerage
946,Arron,Shellibeer,ashellibeerq9@foxnews.com,Genderqueer,HMRC enquiries
947,Cassy,Royson,croysonqa@diigo.com,Agender,Situational Awareness
948,Letizia,Pegrum,lpegrumqb@goodreads.com,Female,Zen Shiatsu
949,Candice,Worsell,cworsellqc@parallels.com,Male,Overcome Objections
950,Gusti,Scotter,gscotterqd@reference.com,Polygender,CVM
951,Austine,Gavin,agavinqe@mapquest.com,Female,Sustainability
952,Berkie,Cleary,bclearyqf@etsy.com,Polygender,Hardware
953,Miran,Frood,mfroodqg@craigslist.org,Genderfluid,Avid Newscutter
954,Tamma,Sayton,tsaytonqh@apple.com,Agender,Short Sales
955,Thorpe,Ranald,tranaldqi@mozilla.com,Agender,Culture Change
956,Kandace,Outlaw,koutlawqj@state.tx.us,Polygender,KPI Dashboards
957,Rebecca,Gerault,rgeraultqk@constantcontact.com,Non-binary,Recruitment Advertising
958,Michelina,Morgan,mmorganql@4shared.com,Agender,Western Blotting
959,Pail,Doohan,pdoohanqm@ucoz.ru,Male,Ayurveda
960,Winston,Seeborne,wseeborneqn@example.com,Genderfluid,Lighting
961,Sylvia,Mackro,smackroqo@paypal.com,Genderqueer,Disaster Recovery
962,Shawna,Mullins,smullinsqp@wordpress.org,Male,Private Equity
963,Averell,Aughtie,aaughtieqq@home.pl,Male,Energy
964,William,Lamport,wlamportqr@csmonitor.com,Polygender,Attorneys
965,Dita,Dows,ddowsqs@parallels.com,Female,VMI
966,Manon,Austwick,maustwickqt@studiopress.com,Male,TI DSPs
967,Marion,Lingley,mlingleyqu@prnewswire.com,Non-binary,SOA BPEL
968,Katey,Chetwin,kchetwinqv@nyu.edu,Female,Sales Tax
969,Fionnula,Jeckell,fjeckellqw@behance.net,Agender,EU Law
970,Naoma,Pembridge,npembridgeqx@vk.com,Male,TLM
971,Florella,Prendergrass,fprendergrassqy@dailymail.co.uk,Female,Electrical Troubleshooting
972,Heath,McElhinney,hmcelhinneyqz@npr.org,Non-binary,BSP
973,Thayne,Joynt,tjoyntr0@sbwire.com,Male,Circuit Design
974,Leonie,Peirson,lpeirsonr1@elegantthemes.com,Polygender,vRanger
975,Terese,Corringham,tcorringhamr2@oakley.com,Male,FMS
976,Margery,Whittleton,mwhittletonr3@npr.org,Genderfluid,QinQ
977,Bronson,Crabtree,bcrabtreer4@homestead.com,Agender,SNL
978,Myrah,Pagett,mpagettr5@sphinn.com,Agender,WGA
979,Tallia,Mace,tmacer6@nifty.com,Genderfluid,Ultimate Frisbee
980,Leicester,Viant,lviantr7@unesco.org,Non-binary,Space Planning
981,Arlyne,Codi,acodir8@hc360.com,Genderqueer,RDFa
982,Currie,Dunstall,cdunstallr9@apple.com,Polygender,Published Author
983,Osborn,Bernardot,obernardotra@geocities.com,Female,SMSTS
984,Sherwood,Pollendine,spollendinerb@w3.org,Agender,VXML
985,Fancy,Gorler,fgorlerrc@rediff.com,Polygender,Psychological Testing
986,Roger,Richings,rrichingsrd@cafepress.com,Polygender,MPR
987,Durante,Chadney,dchadneyre@time.com,Non-binary,Guitar Playing
988,Gordon,Fozard,gfozardrf@weibo.com,Agender,LCD
989,Christabella,Ovanesian,covanesianrg@prweb.com,Bigender,KPI Dashboards
990,Devon,Gillions,dgillionsrh@seattletimes.com,Male,Xdebug
991,Mechelle,Quince,mquinceri@webmd.com,Agender,Window Displays
992,Shaina,Scrase,sscraserj@army.mil,Non-binary,Azerbaijani
993,Tyne,Millhouse,tmillhouserk@t.co,Agender,Long-term Care
994,Celestine,Halton,chaltonrl@wikispaces.com,Agender,Oil &amp; Gas Industry
995,Ophelie,O'Donnelly,oodonnellyrm@cafepress.com,Male,RNC
996,Weider,Drable,wdrablern@theglobeandmail.com,Non-binary,History
997,Hyacinthie,Hullin,hhullinro@i2i.jp,Bigender,CMM
998,Erinn,Ramble,eramblerp@360.cn,Genderqueer,Insurance
999,Cherida,Bushaway,cbushawayrq@so-net.ne.jp,Agender,Hydraulic Fracturing
1000,Klara,Olsen,kolsenrr@statcounter.com,Non-binary,Hyperion EPM
